Method,Job,AnalyzeLaunchVariance,EvaluateOverhead,MaxAbsoluteError,MaxRelativeError,MinInvokeCount,MinIterationTime,OutlierMode,Affinity,EnvironmentVariables,Jit,LargeAddressAware,Platform,PowerPlanMode,Runtime,AllowVeryLargeObjects,Concurrent,CpuGroups,Force,HeapAffinitizeMask,HeapCount,NoAffinitize,RetainVm,Server,Arguments,BuildConfiguration,Clock,EngineFactory,NuGetReferences,Toolchain,IsMutator,InvocationCount,IterationCount,IterationTime,LaunchCount,MaxIterationCount,MaxWarmupIterationCount,MemoryRandomization,MinIterationCount,MinWarmupIterationCount,RunStrategy,UnrollFactor,WarmupCount,Size,Shape,Mean,Error,StdDev,Ratio,RatioSD,Gen0,Gen1,Gen2,Allocated,Alloc Ratio
Legacy,Job-KULIUI,False,Default,Default,Default,Default,Default,Default,111111111111111111111111,Empty,RyuJit,Default,X64,8c5e7fda-e8bf-4a96-9a85-a6e23a8c635c,.NET 10.0,False,True,False,True,Default,Default,False,False,False,Default,Default,Default,Default,Default,Default,Default,Default,4,Default,Default,Default,Default,Default,Default,Default,Default,16,1,1024,dot-leading,7.963 μs,0.1043 μs,0.0057 μs,1.00,0.00,4.9133,1.2207,0.0000,75.63 KB,1.00
Streaming,Job-KULIUI,False,Default,Default,Default,Default,Default,Default,111111111111111111111111,Empty,RyuJit,Default,X64,8c5e7fda-e8bf-4a96-9a85-a6e23a8c635c,.NET 10.0,False,True,False,True,Default,Default,False,False,False,Default,Default,Default,Default,Default,Default,Default,Default,4,Default,Default,Default,Default,Default,Default,Default,Default,16,1,1024,dot-leading,5.481 μs,0.6687 μs,0.1035 μs,0.69,0.01,4.3793,1.0910,0.0000,67.57 KB,0.89
Legacy,Job-KULIUI,False,Default,Default,Default,Default,Default,Default,111111111111111111111111,Empty,RyuJit,Default,X64,8c5e7fda-e8bf-4a96-9a85-a6e23a8c635c,.NET 10.0,False,True,False,True,Default,Default,False,False,False,Default,Default,Default,Default,Default,Default,Default,Default,4,Default,Default,Default,Default,Default,Default,Default,Default,16,1,1024,multi-header,5.774 μs,0.2514 μs,0.0138 μs,1.00,0.00,5.0201,0.6256,0.0000,77.15 KB,1.00
Streaming,Job-KULIUI,False,Default,Default,Default,Default,Default,Default,111111111111111111111111,Empty,RyuJit,Default,X64,8c5e7fda-e8bf-4a96-9a85-a6e23a8c635c,.NET 10.0,False,True,False,True,Default,Default,False,False,False,Default,Default,Default,Default,Default,Default,Default,Default,4,Default,Default,Default,Default,Default,Default,Default,Default,16,1,1024,multi-header,4.580 μs,0.2728 μs,0.0422 μs,0.79,0.01,4.5242,0.0458,0.0000,69.45 KB,0.90
Legacy,Job-KULIUI,False,Default,Default,Default,Default,Default,Default,111111111111111111111111,Empty,RyuJit,Default,X64,8c5e7fda-e8bf-4a96-9a85-a6e23a8c635c,.NET 10.0,False,True,False,True,Default,Default,False,False,False,Default,Default,Default,Default,Default,Default,Default,Default,4,Default,Default,Default,Default,Default,Default,Default,Default,16,1,1024,normal,4.555 μs,0.3369 μs,0.0521 μs,1.00,0.01,4.8981,1.2207,0.0000,75.45 KB,1.00
Streaming,Job-KULIUI,False,Default,Default,Default,Default,Default,Default,111111111111111111111111,Empty,RyuJit,Default,X64,8c5e7fda-e8bf-4a96-9a85-a6e23a8c635c,.NET 10.0,False,True,False,True,Default,Default,False,False,False,Default,Default,Default,Default,Default,Default,Default,Default,4,Default,Default,Default,Default,Default,Default,Default,Default,16,1,1024,normal,3.602 μs,0.0468 μs,0.0026 μs,0.79,0.01,4.3831,1.0948,0.0000,67.57 KB,0.90
Legacy,Job-KULIUI,False,Default,Default,Default,Default,Default,Default,111111111111111111111111,Empty,RyuJit,Default,X64,8c5e7fda-e8bf-4a96-9a85-a6e23a8c635c,.NET 10.0,False,True,False,True,Default,Default,False,False,False,Default,Default,Default,Default,Default,Default,Default,Default,4,Default,Default,Default,Default,Default,Default,Default,Default,16,1,16384,dot-leading,92.219 μs,4.9177 μs,0.7610 μs,1.00,0.01,10.0098,1.5869,0.0000,154.09 KB,1.00
Streaming,Job-KULIUI,False,Default,Default,Default,Default,Default,Default,111111111111111111111111,Empty,RyuJit,Default,X64,8c5e7fda-e8bf-4a96-9a85-a6e23a8c635c,.NET 10.0,False,True,False,True,Default,Default,False,False,False,Default,Default,Default,Default,Default,Default,Default,Default,4,Default,Default,Default,Default,Default,Default,Default,Default,16,1,16384,dot-leading,49.642 μs,3.9122 μs,0.6054 μs,0.54,0.01,4.3945,0.0000,0.0000,68.03 KB,0.44
Legacy,Job-KULIUI,False,Default,Default,Default,Default,Default,Default,111111111111111111111111,Empty,RyuJit,Default,X64,8c5e7fda-e8bf-4a96-9a85-a6e23a8c635c,.NET 10.0,False,True,False,True,Default,Default,False,False,False,Default,Default,Default,Default,Default,Default,Default,Default,4,Default,Default,Default,Default,Default,Default,Default,Default,16,1,16384,multi-header,15.149 μs,2.0455 μs,0.3165 μs,1.00,0.03,9.9487,2.4719,0.0000,152.61 KB,1.00
Streaming,Job-KULIUI,False,Default,Default,Default,Default,Default,Default,111111111111111111111111,Empty,RyuJit,Default,X64,8c5e7fda-e8bf-4a96-9a85-a6e23a8c635c,.NET 10.0,False,True,False,True,Default,Default,False,False,False,Default,Default,Default,Default,Default,Default,Default,Default,4,Default,Default,Default,Default,Default,Default,Default,Default,16,1,16384,multi-header,5.990 μs,1.1020 μs,0.1705 μs,0.40,0.01,4.5395,0.0534,0.0000,69.91 KB,0.46
Legacy,Job-KULIUI,False,Default,Default,Default,Default,Default,Default,111111111111111111111111,Empty,RyuJit,Default,X64,8c5e7fda-e8bf-4a96-9a85-a6e23a8c635c,.NET 10.0,False,True,False,True,Default,Default,False,False,False,Default,Default,Default,Default,Default,Default,Default,Default,4,Default,Default,Default,Default,Default,Default,Default,Default,16,1,16384,normal,13.534 μs,0.8053 μs,0.1246 μs,1.00,0.01,9.7961,2.4414,0.0000,150.91 KB,1.00
Streaming,Job-KULIUI,False,Default,Default,Default,Default,Default,Default,111111111111111111111111,Empty,RyuJit,Default,X64,8c5e7fda-e8bf-4a96-9a85-a6e23a8c635c,.NET 10.0,False,True,False,True,Default,Default,False,False,False,Default,Default,Default,Default,Default,Default,Default,Default,4,Default,Default,Default,Default,Default,Default,Default,Default,16,1,16384,normal,4.937 μs,0.2283 μs,0.0353 μs,0.36,0.00,4.4174,0.0153,0.0000,68.03 KB,0.45
Legacy,Job-KULIUI,False,Default,Default,Default,Default,Default,Default,111111111111111111111111,Empty,RyuJit,Default,X64,8c5e7fda-e8bf-4a96-9a85-a6e23a8c635c,.NET 10.0,False,True,False,True,Default,Default,False,False,False,Default,Default,Default,Default,Default,Default,Default,Default,4,Default,Default,Default,Default,Default,Default,Default,Default,16,1,65536,dot-leading,355.584 μs,7.2804 μs,1.1267 μs,1.00,0.00,25.8789,4.8828,0.0000,405.32 KB,1.00
Streaming,Job-KULIUI,False,Default,Default,Default,Default,Default,Default,111111111111111111111111,Empty,RyuJit,Default,X64,8c5e7fda-e8bf-4a96-9a85-a6e23a8c635c,.NET 10.0,False,True,False,True,Default,Default,False,False,False,Default,Default,Default,Default,Default,Default,Default,Default,4,Default,Default,Default,Default,Default,Default,Default,Default,16,1,65536,dot-leading,228.091 μs,4.0558 μs,0.6276 μs,0.64,0.00,41.5039,41.5039,41.5039,197.72 KB,0.49
Legacy,Job-KULIUI,False,Default,Default,Default,Default,Default,Default,111111111111111111111111,Empty,RyuJit,Default,X64,8c5e7fda-e8bf-4a96-9a85-a6e23a8c635c,.NET 10.0,False,True,False,True,Default,Default,False,False,False,Default,Default,Default,Default,Default,Default,Default,Default,4,Default,Default,Default,Default,Default,Default,Default,Default,16,1,65536,multi-header,47.007 μs,2.0728 μs,0.3208 μs,1.00,0.01,25.6348,0.1831,0.0000,394.16 KB,1.00
Streaming,Job-KULIUI,False,Default,Default,Default,Default,Default,Default,111111111111111111111111,Empty,RyuJit,Default,X64,8c5e7fda-e8bf-4a96-9a85-a6e23a8c635c,.NET 10.0,False,True,False,True,Default,Default,False,False,False,Default,Default,Default,Default,Default,Default,Default,Default,4,Default,Default,Default,Default,Default,Default,Default,Default,16,1,65536,multi-header,46.916 μs,1.1193 μs,0.1732 μs,1.00,0.01,41.6260,41.6260,41.6260,199.51 KB,0.51
Legacy,Job-KULIUI,False,Default,Default,Default,Default,Default,Default,111111111111111111111111,Empty,RyuJit,Default,X64,8c5e7fda-e8bf-4a96-9a85-a6e23a8c635c,.NET 10.0,False,True,False,True,Default,Default,False,False,False,Default,Default,Default,Default,Default,Default,Default,Default,4,Default,Default,Default,Default,Default,Default,Default,Default,16,1,65536,normal,46.096 μs,1.5579 μs,0.2411 μs,1.00,0.01,25.5127,8.4839,0.0000,392.46 KB,1.00
Streaming,Job-KULIUI,False,Default,Default,Default,Default,Default,Default,111111111111111111111111,Empty,RyuJit,Default,X64,8c5e7fda-e8bf-4a96-9a85-a6e23a8c635c,.NET 10.0,False,True,False,True,Default,Default,False,False,False,Default,Default,Default,Default,Default,Default,Default,Default,4,Default,Default,Default,Default,Default,Default,Default,Default,16,1,65536,normal,45.770 μs,0.5967 μs,0.0923 μs,0.99,0.00,41.6260,41.6260,41.6260,197.63 KB,0.50
Legacy,Job-KULIUI,False,Default,Default,Default,Default,Default,Default,111111111111111111111111,Empty,RyuJit,Default,X64,8c5e7fda-e8bf-4a96-9a85-a6e23a8c635c,.NET 10.0,False,True,False,True,Default,Default,False,False,False,Default,Default,Default,Default,Default,Default,Default,Default,4,Default,Default,Default,Default,Default,Default,Default,Default,16,1,262144,dot-leading,"1,539.937 μs",126.4779 μs,19.5726 μs,1.00,0.02,503.9063,500.0000,500.0000,1796.12 KB,1.00
Streaming,Job-KULIUI,False,Default,Default,Default,Default,Default,Default,111111111111111111111111,Empty,RyuJit,Default,X64,8c5e7fda-e8bf-4a96-9a85-a6e23a8c635c,.NET 10.0,False,True,False,True,Default,Default,False,False,False,Default,Default,Default,Default,Default,Default,Default,Default,4,Default,Default,Default,Default,Default,Default,Default,Default,16,1,262144,dot-leading,846.895 μs,16.7427 μs,2.5910 μs,0.55,0.01,285.1563,285.1563,285.1563,972.45 KB,0.54
Legacy,Job-KULIUI,False,Default,Default,Default,Default,Default,Default,111111111111111111111111,Empty,RyuJit,Default,X64,8c5e7fda-e8bf-4a96-9a85-a6e23a8c635c,.NET 10.0,False,True,False,True,Default,Default,False,False,False,Default,Default,Default,Default,Default,Default,Default,Default,4,Default,Default,Default,Default,Default,Default,Default,Default,16,1,262144,multi-header,486.129 μs,24.9204 μs,3.8565 μs,1.00,0.01,499.0234,499.0234,499.0234,1680.26 KB,1.00
Streaming,Job-KULIUI,False,Default,Default,Default,Default,Default,Default,111111111111111111111111,Empty,RyuJit,Default,X64,8c5e7fda-e8bf-4a96-9a85-a6e23a8c635c,.NET 10.0,False,True,False,True,Default,Default,False,False,False,Default,Default,Default,Default,Default,Default,Default,Default,4,Default,Default,Default,Default,Default,Default,Default,Default,16,1,262144,multi-header,175.358 μs,10.8438 μs,1.6781 μs,0.36,0.00,285.6445,285.6445,285.6445,973.77 KB,0.58
Legacy,Job-KULIUI,False,Default,Default,Default,Default,Default,Default,111111111111111111111111,Empty,RyuJit,Default,X64,8c5e7fda-e8bf-4a96-9a85-a6e23a8c635c,.NET 10.0,False,True,False,True,Default,Default,False,False,False,Default,Default,Default,Default,Default,Default,Default,Default,4,Default,Default,Default,Default,Default,Default,Default,Default,16,1,262144,normal,487.966 μs,15.2277 μs,2.3565 μs,1.00,0.01,499.0234,499.0234,499.0234,1678.73 KB,1.00
Streaming,Job-KULIUI,False,Default,Default,Default,Default,Default,Default,111111111111111111111111,Empty,RyuJit,Default,X64,8c5e7fda-e8bf-4a96-9a85-a6e23a8c635c,.NET 10.0,False,True,False,True,Default,Default,False,False,False,Default,Default,Default,Default,Default,Default,Default,Default,4,Default,Default,Default,Default,Default,Default,Default,Default,16,1,262144,normal,172.571 μs,15.1368 μs,0.8297 μs,0.35,0.00,285.6445,285.6445,285.6445,971.88 KB,0.58
Legacy,Job-KULIUI,False,Default,Default,Default,Default,Default,Default,111111111111111111111111,Empty,RyuJit,Default,X64,8c5e7fda-e8bf-4a96-9a85-a6e23a8c635c,.NET 10.0,False,True,False,True,Default,Default,False,False,False,Default,Default,Default,Default,Default,Default,Default,Default,4,Default,Default,Default,Default,Default,Default,Default,Default,16,1,1048576,dot-leading,"6,514.127 μs",60.0253 μs,3.2902 μs,1.00,0.00,765.6250,765.6250,765.6250,7346.22 KB,1.00
Streaming,Job-KULIUI,False,Default,Default,Default,Default,Default,Default,111111111111111111111111,Empty,RyuJit,Default,X64,8c5e7fda-e8bf-4a96-9a85-a6e23a8c635c,.NET 10.0,False,True,False,True,Default,Default,False,False,False,Default,Default,Default,Default,Default,Default,Default,Default,4,Default,Default,Default,Default,Default,Default,Default,Default,16,1,1048576,dot-leading,"3,239.982 μs",109.1758 μs,16.8951 μs,0.50,0.00,1000.0000,996.0938,996.0938,4066.76 KB,0.55
Legacy,Job-KULIUI,False,Default,Default,Default,Default,Default,Default,111111111111111111111111,Empty,RyuJit,Default,X64,8c5e7fda-e8bf-4a96-9a85-a6e23a8c635c,.NET 10.0,False,True,False,True,Default,Default,False,False,False,Default,Default,Default,Default,Default,Default,Default,Default,4,Default,Default,Default,Default,Default,Default,Default,Default,16,1,1048576,multi-header,"1,656.466 μs",259.2856 μs,40.1247 μs,1.00,0.03,468.7500,464.8438,464.8438,6308.9 KB,1.00
Streaming,Job-KULIUI,False,Default,Default,Default,Default,Default,Default,111111111111111111111111,Empty,RyuJit,Default,X64,8c5e7fda-e8bf-4a96-9a85-a6e23a8c635c,.NET 10.0,False,True,False,True,Default,Default,False,False,False,Default,Default,Default,Default,Default,Default,Default,Default,4,Default,Default,Default,Default,Default,Default,Default,Default,16,1,1048576,multi-header,398.292 μs,12.8850 μs,0.7063 μs,0.24,0.01,671.3867,665.5273,664.5508,4066.08 KB,0.64
Legacy,Job-KULIUI,False,Default,Default,Default,Default,Default,Default,111111111111111111111111,Empty,RyuJit,Default,X64,8c5e7fda-e8bf-4a96-9a85-a6e23a8c635c,.NET 10.0,False,True,False,True,Default,Default,False,False,False,Default,Default,Default,Default,Default,Default,Default,Default,4,Default,Default,Default,Default,Default,Default,Default,Default,16,1,1048576,normal,"1,632.394 μs",81.5010 μs,12.6124 μs,1.00,0.01,455.0781,449.2188,449.2188,6307.26 KB,1.00
Streaming,Job-KULIUI,False,Default,Default,Default,Default,Default,Default,111111111111111111111111,Empty,RyuJit,Default,X64,8c5e7fda-e8bf-4a96-9a85-a6e23a8c635c,.NET 10.0,False,True,False,True,Default,Default,False,False,False,Default,Default,Default,Default,Default,Default,Default,Default,4,Default,Default,Default,Default,Default,Default,Default,Default,16,1,1048576,normal,419.548 μs,25.5580 μs,3.9551 μs,0.26,0.00,672.8516,666.9922,666.0156,4064.3 KB,0.64
Legacy,Job-KULIUI,False,Default,Default,Default,Default,Default,Default,111111111111111111111111,Empty,RyuJit,Default,X64,8c5e7fda-e8bf-4a96-9a85-a6e23a8c635c,.NET 10.0,False,True,False,True,Default,Default,False,False,False,Default,Default,Default,Default,Default,Default,Default,Default,4,Default,Default,Default,Default,Default,Default,Default,Default,16,1,5242880,dot-leading,"34,134.180 μs","3,389.8053 μs",524.5761 μs,1.00,0.02,1133.3333,1066.6667,1000.0000,45658.7 KB,1.00
Streaming,Job-KULIUI,False,Default,Default,Default,Default,Default,Default,111111111111111111111111,Empty,RyuJit,Default,X64,8c5e7fda-e8bf-4a96-9a85-a6e23a8c635c,.NET 10.0,False,True,False,True,Default,Default,False,False,False,Default,Default,Default,Default,Default,Default,Default,Default,4,Default,Default,Default,Default,Default,Default,Default,Default,16,1,5242880,dot-leading,"20,015.264 μs",754.0468 μs,41.3319 μs,0.59,0.01,687.5000,656.2500,531.2500,19031.03 KB,0.42
Legacy,Job-KULIUI,False,Default,Default,Default,Default,Default,Default,111111111111111111111111,Empty,RyuJit,Default,X64,8c5e7fda-e8bf-4a96-9a85-a6e23a8c635c,.NET 10.0,False,True,False,True,Default,Default,False,False,False,Default,Default,Default,Default,Default,Default,Default,Default,4,Default,Default,Default,Default,Default,Default,Default,Default,16,1,5242880,multi-header,"8,283.566 μs",81.0343 μs,4.4418 μs,1.00,0.00,1125.0000,1078.1250,984.3750,33040.58 KB,1.00
Streaming,Job-KULIUI,False,Default,Default,Default,Default,Default,Default,111111111111111111111111,Empty,RyuJit,Default,X64,8c5e7fda-e8bf-4a96-9a85-a6e23a8c635c,.NET 10.0,False,True,False,True,Default,Default,False,False,False,Default,Default,Default,Default,Default,Default,Default,Default,4,Default,Default,Default,Default,Default,Default,Default,Default,16,1,5242880,multi-header,"4,603.698 μs",840.4265 μs,130.0569 μs,0.56,0.01,570.3125,515.6250,429.6875,18510.05 KB,0.56
Legacy,Job-KULIUI,False,Default,Default,Default,Default,Default,Default,111111111111111111111111,Empty,RyuJit,Default,X64,8c5e7fda-e8bf-4a96-9a85-a6e23a8c635c,.NET 10.0,False,True,False,True,Default,Default,False,False,False,Default,Default,Default,Default,Default,Default,Default,Default,4,Default,Default,Default,Default,Default,Default,Default,Default,16,1,5242880,normal,"8,325.721 μs",374.4987 μs,57.9541 μs,1.00,0.01,1125.0000,1062.5000,984.3750,33039.04 KB,1.00
Streaming,Job-KULIUI,False,Default,Default,Default,Default,Default,Default,111111111111111111111111,Empty,RyuJit,Default,X64,8c5e7fda-e8bf-4a96-9a85-a6e23a8c635c,.NET 10.0,False,True,False,True,Default,Default,False,False,False,Default,Default,Default,Default,Default,Default,Default,Default,4,Default,Default,Default,Default,Default,Default,Default,Default,16,1,5242880,normal,"4,432.924 μs","1,970.0366 μs",304.8653 μs,0.53,0.03,570.3125,523.4375,429.6875,18508.17 KB,0.56
